{"loss": [0.2887061834335327, 0.28532952070236206, 0.28416261076927185, 0.2841867506504059, 0.2835201025009155, 0.2824403941631317, 0.2812596261501312, 0.2785838842391968, 0.2767799198627472, 0.27524006366729736, 0.27458393573760986, 0.27341607213020325, 0.2728748023509979, 0.2715696096420288, 0.27101364731788635], "val_loss": [0.25850263237953186, 0.25795748829841614, 0.2607423663139343, 0.25779980421066284, 0.25827863812446594, 0.25571292638778687, 0.25242745876312256, 0.2492159605026245, 0.24965281784534454, 0.2483036071062088, 0.24753205478191376, 0.2462063729763031, 0.2449633777141571, 0.24498146772384644, 0.24637997150421143]}