{"loss": [0.47314655780792236, 0.47261860966682434, 0.4713074266910553, 0.4699859619140625, 0.4693082571029663, 0.46711891889572144, 0.4666852653026581, 0.46485045552253723, 0.46345895528793335, 0.4635966122150421, 0.4635326564311981, 0.4616543650627136, 0.4608711898326874, 0.45920315384864807, 0.45886367559432983], "val_loss": [0.43674734234809875, 0.43912631273269653, 0.4395351707935333, 0.4418641924858093, 0.44358932971954346, 0.43356841802597046, 0.432668000459671, 0.43491119146347046, 0.43099474906921387, 0.43282976746559143, 0.43093955516815186, 0.43027785420417786, 0.4298996031284332, 0.4306497573852539, 0.4283818304538727]}