{"loss": [0.5285494327545166, 0.5248758792877197, 0.5235961079597473, 0.5226635336875916, 0.520648181438446, 0.5155439376831055, 0.5092709064483643, 0.5059813261032104, 0.5039787292480469, 0.5014916658401489, 0.5005981922149658, 0.4995180368423462, 0.4986397325992584, 0.496815025806427, 0.4954555332660675], "val_loss": [0.5058240294456482, 0.5038123726844788, 0.5002947449684143, 0.4993373453617096, 0.49560052156448364, 0.488296777009964, 0.4842322766780853, 0.48552069067955017, 0.48243656754493713, 0.48220759630203247, 0.4810508191585541, 0.4823026657104492, 0.4766889810562134, 0.4774044156074524, 0.47656217217445374]}