{"loss": [0.0028175688348710537, 0.0026404382660984993, 0.0024921856820583344, 0.0023247182834893465, 0.002809821395203471, 0.002130320528522134, 0.0020143077708780766, 0.0018676123581826687, 0.0018657244509086013, 0.0017356814350932837, 0.0016658317763358355, 0.0015949713997542858, 0.0015086648054420948, 0.0014899581437930465, 0.0013459327165037394], "val_loss": [0.002926164073869586, 0.002603880362585187, 0.0028985533863306046, 0.0023549445904791355, 0.0026231452357023954, 0.0022827053908258677, 0.0024105177726596594, 0.002167985774576664, 0.002257657703012228, 0.0021830371115356684, 0.002256937325000763, 0.0021026539616286755, 0.0018952814862132072, 0.0019711328204721212, 0.00198844145052135]}