{"loss": [0.010852216742932796, 0.006902159657329321, 0.006377559620887041, 0.005973710212856531, 0.005613042041659355, 0.0052742669358849525, 0.004972931928932667, 0.0044501107186079025, 0.004311842378228903, 0.004021186847239733, 0.0038009597919881344, 0.0035756323486566544, 0.0035066648852080107, 0.0032483579125255346, 0.0030811233446002007], "val_loss": [0.0078649977222085, 0.006821346469223499, 0.006255618762224913, 0.005726181901991367, 0.005061524920165539, 0.005412146914750338, 0.004708586260676384, 0.004271648824214935, 0.004260915797203779, 0.0040671331807971, 0.0037078741006553173, 0.00351835903711617, 0.0034838400315493345, 0.0033157123252749443, 0.0031895276624709368]}